words,frequency
class,474366182
return,382483081
function,198588994
import,136583440
public,123542603
false,114280021
define,109666071
value,103152111
color,72528073
string,72284732
table,70657545
width,69485743
array,65501472
border,58377911
include,56810706
script,56409044
right,51751406
margin,49697471
style,49640641
background,48665046
break,48626081
static,47387624
index,45390886
title,45036008
length,44934372
result,44247788
input,42220388
height,42009663
object,41011535
options,40187730
private,39391906
summary,39262387
default,38206334
padding,36342177
display,34130351
block,33495127
using,33081772
position,32593880
event,32433041
error,32098828
before,31699483
bottom,29448830
element,29238480
method,29109582
context,28645349
group,27794108
align,27023124
unsigned,25796802
target,24580371
package,24532909
document,24086958
header,23849565
button,23541706
final,23157985
state,22570196
label,21340722
first,20391041
module,20002749
field,19719701
source,19606312
float,19564518
window,19310791
catch,19274541
number,19220667
child,18849556
message,18647751
active,18435043
should,18160490
request,18076570
protected,18064227
image,17802272
option,17568353
center,17512722
start,17379952
throw,16992492
section,16975370
offset,16972751
values,16791487
count,16441896
parent,16413262
radius,16310208
container,16303649
while,16280556
instance,16188463
version,16084185
returns,15692398
search,15663716
prototype,15494699
current,15399012
property,15151169
model,15090666
classes,15019762
response,14862753
white,14772538
callback,14750907
query,14629621
throws,14573801
hover,14549347
scope,14349836
require,14345264
transform,14306793
empty,14120193
description,13961678
which,13950331
important,13659826
modal,13648022
status,13637275
after,13600287
action,13128112
android,13119476
template,13037242
disabled,12877874
apache,12819886
append,12795942
select,12786461
fields,12595826
extern,12423978
defined,12412638
close,12379810
other,12367260
hidden,12366586
output,12232952
format,12206596
author,12205715
footer,11947320
solid,11871756
filter,11825099
panel,11816399
client,11569515
check,11464858
arguments,11397458
match,11337668
column,11135483
create,11069379
focus,11068879
strong,11013663
settings,10989351
undefined,10935647
continue,10788177
switch,10774821
media,10681705
success,10649794
global,10630864
double,10557907
control,10342401
shadow,9907265
assert,9862591
remove,9757120
entry,9740001
clear,9734339
range,9656279
super,9581420
location,9544204
buffer,9535066
delete,9505079
level,9504458
attribute,9197818
files,9109884
widget,9043343
exports,8996973
small,8982838
since,8876310
about,8867101
example,8822238
update,8632932
weight,8567916
token,8532438
virtual,8522167
opacity,8483607
transition,8431997
given,8402263
begin,8394513
print,8342337
reference,8339416
items,8316933
results,8153831
internal,8141858
support,8117219
toggle,8040278
exception,7994185
address,7961659
server,7925655
elements,7903063
cache,7854368
common,7843232
service,7804494
order,7754616
write,7712124
events,7682440
found,7631951
comment,7469349
attributes,7451105
application,7446821
specified,7315220
access,7235079
cursor,7097898
browser,7039034
absolute,6986551
details,6970477
required,6948012
relative,6933510
navigation,6902282
stream,6892372
session,6884356
parameters,6871051
where,6796459
expected,6786433
following,6782873
change,6727188
normal,6661229
handler,6649388
layout,6510420
information,6438586
methods,6420395
handle,6408369
types,6353044
links,6319315
theme,6276565
scale,6258164
interface,6204849
expect,6175608
constructor,6172776
frame,6170342
generated,6154915
parameter,6090805
local,6070582
family,6046977
command,6033008
selected,6015701
images,5990493
apply,5962785
device,5957630
override,5920036
resource,5817830
models,5811203
called,5797845
inner,5776814
selector,5764676
warning,5751495
there,5703462
replace,5685450
vertical,5655155
flags,5645337
objects,5633665
accordion,5603988
except,5537657
sidebar,5517867
overflow,5507235
visible,5502779
process,5495055
point,5463792
modules,5446909
vector,5361790
properties,5252050
debug,5229503
functions,5228387
project,5142845
trigger,5107414
collapse,5078402
category,5041133
pointer,5039512
connection,5038186
bytes,4982187
transparent,4970384
build,4969749
children,4954234
errors,4948333
heading,4897222
linear,4895294
second,4861717
reset,4839835
strict,4825619
names,4820433
player,4807032
store,4784966
extend,4767292
valid,4764952
available,4741015
register,4713236
contains,4712245
wrapper,4711852
editor,4680822
space,4676807
click,4670639
gradient,4634281
password,4621856
language,4594343
system,4591349
already,4573463
animation,4466631
database,4406134
props,4395637
decoration,4379080
stack,4327432
without,4293310
split,4279234
provided,4279217
collection,4248887
contents,4245157
nodes,4212912
prefix,4195931
render,4191221
record,4188614
integer,4187537
assembly,4163000
thread,4161778
configuration,4156493
progress,4138028
optional,4087086
enabled,4057521
created,4053598
primary,4043206
exists,4036552
returned,3984954
headers,3969000
raise,3962650
controller,3930515
insert,3922099
article,3848411
brief,3781615
extends,3765135
alert,3756558
repeat,3711580
queue,3689407
parse,3686938
component,3663464
waves,3661030
parser,3659082
arrow,3656283
assets,3602625
timeout,3595044
matches,3594760
fixed,3593161
custom,3562846
danger,3541959
caption,3521791
layer,3461551
dialog,3456431
submit,3444238
equals,3424230
argument,3412372
bootstrap,3402552
eclipse,3402147
invalid,3398670
boost,3377479
screen,3368697
annotation,3351661
directory,3337349
limit,3333193
operator,3329776
whether,3329161
entity,3327319
console,3308380
expression,3228718
slice,3213825
schema,3182729
based,3181377
passed,3173506
operation,3168643
columns,3165115
otherwise,3158355
matrix,3149752
because,3116106
builder,3114882
single,3114822
being,3100834
selection,3092219
promise,3085484
variable,3072716
domain,3072241
effect,3064187
strings,3059629
inset,3023644
added,2986043
lines,2958749
short,2955995
detail,2955788
defaults,2954025
slider,2949247
logger,2935394
finally,2927694
memory,2911335
serif,2905701
sizing,2903504
through,2882723
execute,2847180
ready,2845387
always,2785287
these,2777412
overview,2776561
deprecated,2775554
factory,2772283
checked,2760237
fluid,2740085
failed,2736418
depth,2730169
special,2725027
outline,2718633
swing,2717430
inherit,2696196
duration,2690032
clone,2668865
users,2667114
cline,2658878
light,2654521
volatile,2653029
external,2651446
channel,2636422
instead,2628335
equal,2585090
inherited,2574568
shift,2574434
angular,2573591
scroll,2560390
network,2559180
listener,2537900
transaction,2520985
placeholder,2505119
messages,2486033
middle,2482840
changed,2467772
rotate,2467768
points,2453763
character,2443817
components,2436782
driver,2435675
horizontal,2425266
resources,2402371
symbol,2385666
circle,2382251
between,2373079
views,2370567
styles,2366500
logging,2365929
green,2336543
pagination,2334827
setting,2322048
region,2297251
radio,2269339
parts,2267001
owner,2238429
bordered,2233283
responsive,2232120
carousel,2219062
member,2216514
encoding,2202575
protocol,2197121
possible,2189087
actual,2178733
unstable,2175852
resize,2170799
binary,2169523
connect,2158814
signature,2158207
tests,2151827
pattern,2141142
subject,2140555
badge,2125465
documentation,2120841
library,2119920
distribution,2117870
within,2115681
twitter,2111391
directive,2110748
helper,2100737
pages,2094293
specific,2092053
loose,2091525
month,2077286
multiple,2073658
mixed,2067709
socket,2056367
course,2039910
allow,2036990
enable,2013637
variables,2003055
rules,2001121
exist,1993695
resolve,1982927
translate,1969204
changes,1968208
extension,1963742
implementation,1961018
conditions,1959716
remarks,1948331
disable,1937718
structure,1936612
chart,1928594
profile,1926563
testing,1923202
inverse,1911035
needed,1910145
validate,1903195
origin,1902842
tokens,1891812
random,1888973
canvas,1875921
blocks,1872894
previous,1851017
highlight,1846236
aside,1845125
framework,1844803
direction,1829327
packet,1818881
buttons,1814206
security,1813519
black,1813415
touch,1810924
allowed,1793980
scripts,1792399
proxy,1791515
tools,1791086
reader,1785876
initialize,1760835
unset,1733611
initial,1730582
total,1715371
account,1705414
route,1690293
anchor,1689141
destroy,1683439
timer,1682790
bounds,1668159
definition,1662365
loaded,1660916
product,1657963
locale,1649242
fragment,1636571
neutral,1617218
cannot,1599275
identifier,1599034
large,1583781
forms,1583706
sequence,1573444
describe,1561288
engine,1555687
removed,1530867
merge,1529711
writer,1518515
chrome,1507200
delay,1470733
actions,1461704
loader,1457081
manager,1447107
chapter,1437653
ignore,1432300
contact,1424829
until,1420186
commons,1409167
original,1396857
extra,1393869
persistence,1389116
alpha,1373521
animate,1372416
deferred,1368217
containing,1365550
supported,1360641
assign,1357734
entries,1357573
mobile,1350715
signal,1347205
release,1343930
apple,1342584
blank,1341589
creature,1340407
slide,1337237
loading,1328678
concurrent,1323160
calls,1312449
indent,1307912
stripe,1304754
constant,1293729
inheritance,1288032
awesome,1287284
keyword,1285266
helpers,1284168
reject,1283373
brand,1280153
compile,1278258
storage,1277316
either,1269145
synchronized,1258294
modify,1257255
handlers,1248183
below,1240173
catalog,1237394
union,1236097
complete,1234664
another,1232103
program,1228213
interaction,1226559
hooks,1218520
visibility,1214289
comments,1211672
python,1206872
video,1201311
splice,1191699
reflect,1187373
annotations,1186138
volume,1182719
extensions,1178279
unknown,1174961
generator,1171829
closed,1170494
coding,1169214
services,1169086
abstract,1133455
redirect,1133396
tables,1132859
series,1131287
shared,1125182
material,1122708
defer,1122579
distributed,1122087
reply,1116883
repository,1105561
listeners,1080930
compiler,1076828
round,1068122
grunt,1064702
icons,1057120
provider,1056035
posts,1055897
foundation,1053514
divider,1051588
sleep,1036578
stats,1030152
cancel,1027224
different,1026413
platform,1025648
groups,1021738
additional,1016789
callbacks,1012426
cluster,1008390
criteria,1004363
popover,999284
materials,993480
kernel,992787
spell,986780
statement,980244
medium,980144
stroke,974814
browsers,972803
yield,971502
justified,969674
binding,964130
annotated,961977
sender,955577
spacing,951417
commit,948859
export,943626
above,941521
implements,940787
setup,933503
deleted,933197
easing,928111
caret,926003
requires,925269
lambda,925247
explode,920518
terms,920340
modifier,918911
exceptions,916951
uppercase,909918
amount,904850
defines,903258
updated,903033
speed,902951
inside,901998
unless,900376
showing,899569
faces,898617
upload,894154
pager,894112
filters,890502
install,885152
geometry,883343
keyboard,882729
matched,878046
collect,873770
router,867936
floor,861621
separator,860408
subtitle,855858
includes,853193
computed,849861
distance,838300
marker,837404
reverse,836014
avoid,835809
condensed,835445
translation,831189
graphics,825829
interrupt,825092
reveal,820868
unchecked,818699
delta,817636
mouse,815333
members,807094
failure,805217
intent,801073
moment,799591
attachment,798205
clock,798114
social,794797
patch,794529
examples,789232
reason,788437
unique,788134
folder,778368
feature,775051
characters,774296
flush,772729
provide,770174
implode,768886
their,763141
during,760858
beans,757190
renderer,754593
would,754029
could,750052
associated,746351
interval,746223
shortcut,745943
native,738946
erase,738375
alias,737447
analytics,736286
production,731851
reserved,731022
observer,723894
maximum,721562
counter,720212
registers,719714
symbols,717874
caster,716175
italic,713219
macro,712057
controls,707261
shape,702224
templates,701044
means,700931
expects,699872
written,692162
bound,687205
isolate,684991
history,682212
calendar,681290
wallet,680984
refresh,680808
currently,675558
delegate,671409
graph,669401
track,666341
chunk,665031
timing,655410
friend,639659
widgets,637591
closest,635070
requests,634505
prettify,633459
transport,633398
tween,631864
might,629775
timeline,625373
algorithm,625199
power,620939
agent,620811
needs,617655
appearance,617595
taxonomy,617092
spells,614404
visit,614099
stored,612028
dictionary,611682
macros,607420
allocated,600046
underline,594114
letter,586205
activity,585941
categories,582494
pixels,581883
texture,580964
world,580024
migrations,579741
received,576641
partial,576434
verbose,569204
await,568316
ticket,563404
strip,558323
portfolio,558153
dotted,557479
square,555059
thrift,553877
perspective,553000
running,547656
themes,540943
secondary,538632
inverted,529109
thumbnail,526760
trans,520822
modified,513752
priority,513318
justify,512634
overlay,512198
cause,510061
inject,508878
gallery,508854
feedback,508272
pills,506671
unsafe,501502
animated,500527
cubic,500257
classic,495844
chevron,494991
verify,494617
rescue,491878
fetch,488704
interfaces,487847
forum,484104
infinite,482598
cover,479674
purple,469656
environment,467137
doctrine,458194
portal,457767
compute,457571
thrown,457091
accept,456590
mapping,456471
paths,452914
framed,451674
country,451054
striped,448693
restriction,443577
figure,439636
warnings,437968
question,437511
panic,437119
disposing,436896
environ,435465
subprocess,434897
nothing,434398
smoothing,432317
embed,428948
validation,416824
visited,416426
price,416274
hibernate,414405
lower,413736
direct,412203
specify,409365
yellow,406983
condition,395062
related,395038
usage,394417
instances,392540
prepare,390194
monolog,389370
labels,388657
adapter,388179
netty,387741
collapsed,382720
triangle,381868
spinner,380244
cookie,379299
ordered,373621
drawable,371342
submenu,369494
under,367332
extract,367016
occurs,366416
orange,361656
invoke,354289
notification,352719
accent,352467
oracle,351153
dependencies,348067
docker,345710
baseline,343893
scene,342699
share,342162
dispose,341824
basic,334305
master,333388
lighten,328951
camel,328691
present,327175
localized,326225
picker,324580
matcher,318841
stubs,316407
backdrop,315675
corner,314950
ellipsis,313921
operations,311393
encode,307974
legend,306471
dashboard,305504
loads,304494
raises,302335
minus,300415
person,296361
correct,292372
thumb,291829
commands,289108
collections,287343
missing,284613
shown,284085
makes,282159
policy,279883
payload,279516
topic,279196
constants,278843
dumps,277992
unwrap,276045
adjust,275559
audio,274459
darken,274267
descriptor,268807
phone,268770
decode,268457
slides,267976
controlled,266269
stripes,265905
download,265551
representation,264284
packages,260453
cloud,260088
completion,259766
forward,255066
contain,254955
smart,254161
choices,253803
stacked,252969
seconds,252302
clean,251634
consists,251253
inputs,248263
pressed,246117
qualified,244370
expand,243132
procedure,241335
synthesize,240218
enumerate,238433
designer,237918
metro,236502
exposed,235519
plain,233968
assignment,233352
avatar,232913
orbit,232698
fonts,231281
deriving,230512
declaration,227931
devices,225870
decimal,225195
chosen,224489
configure,224094
handles,223727
sorted,222711
today,221844
focused,221476
pricing,220770
threading,219634
nonatomic,219420
neutron,215825
subnet,215633
lists,212839
intro,208066
similar,207249
tablet,207098
unexpected,206665
reload,205851
machine,205469
syntax,205249
receive,204084
thumbs,202986
suffix,199915
publish,199507
receiver,199220
distribute,198682
preview,198475
carat,198333
browse,197837
derive,196970
sealed,196491
dynamic,194454
snapshot,191888
servers,187782
scrolling,186777
backward,185619
slicer,183274
steps,182968
indicator,182924
outer,181623
sticky,180754
sublicense,180400
dashed,179193
featured,178336
regenerated,174172
pending,173368
ensure,171496
indicators,171152
stretch,170375
those,168075
banner,167134
react,165649
three,165138
containers,164089
force,161373
invocation,159541
behind,157607
rails,157469
customer,154452
daemon,152990
mainland,151975
authentication,150551
implicit,149960
crate,149879
existing,147406
swift,146012
wrong,143244
generate,141344
retain,139845
conversion,139672
routes,138866
secret,138484
sample,137199
tickets,133423
products,133084
locales,127545
defaulting,124243
hello,124124
compilation,122361
registry,122160
dependency,120603
assigns,120207
trait,120011
automatically,118835
disposed,118491
endpoint,117040
crypto,116001
declare,114726
versions,114233
freeze,112789
bucket,111663
mutable,111660
pairs,111236
unlock,110290
diagnostics,110017
student,108777
typed,106352
issues,106146
represents,105806
formatter,105448
coder,105066
groovy,102965
bundle,102378
stable,97797
courses,97012
grails,97009
bindings,96764
relation,96726
times,96718
deployment,96368
inspect,95818
spark,95592
managed,95252
cancellation,94595
watch,93390
strongly,92053
constraints,91376
moderation,89167
recreated,88180
tasks,87855
restart,87566
asset,87269
included,86641
allows,86559
checker,86347
flash,86321
finished,84245
animations,84130
references,82644
volumes,81935
suite,81921
submission,80766
development,80735
fixtures,79868
mount,79778
projects,79256
people,78599
latest,78493
intercept,78196
torch,77589
refer,77557
creates,77524
gateway,76958
varying,76766
retrieved,76534
segue,76189
deprecation,74392
formula,74370
numeric,74248
responses,73614
ports,73505
convert,72838
actor,72761
alter,72488
foreign,72346
unshift,72071
scopes,71895
installed,71366
future,70928
borrow,70578
cookies,70372
issue,69142
touches,68383
bless,68342
endpoints,68216
diagnostic,68059
requirement,67944
constraint,66461
according,66430
precedence,66190
clang,65681
specs,65468
awful,64741
launch,64546
purchase,64049
association,63525
creating,63065
documents,62865
furnished,62746
assignments,62242
presence,62132
addresses,61944
terraform,61563
zones,61479
named,61165
realm,59637
cascade,59515
teardown,57734
strategy,55759
enrollment,55559
zeros,55279
devise,53966
notice,53528
subplot,53493
validates,53247
pipeline,52797
finish,52668
reports,52650
payment,52481
silent,52401
environments,51835
caching,51565
records,51140
paste,50862
delivery,50615
sessions,50560
recommended,50178
authorization,50108
customization,49900
formats,49885
published,49642
compact,48836
dependent,48377
digest,47493
closure,47218
topics,46668
bottle,45717
trace,45704
perform,45667
teacher,45227
orientation,45108
performance,45015
generics,44968
lookup,44842
roles,44565
terminate,44112
scalar,43243
report,43092
initialization,42775
cocoa,42588
itself,42205
pause,41306
scheduler,41184
responsible,40575
substitute,40233
unused,38756
trade,37487
portable,37393
editing,36844
declarations,36706
submitted,36684
patterns,36577
fuzzing,36402
zoomed,35405
windows,35356
multipage,35323
chars,35098
lenses,33928
invalidate,33363
chance,33332
precision,33169
never,33167
drivers,33032
agents,32991
guard,32870
transmute,32814
variant,32393
abort,32351
whole,32333
finagle,31815
spawn,31457
killer,31421
behaviour,31398
really,30989
verbosity,30811
authors,30802
lifetime,30784
croak,30697
locked,30534
decoder,30393
combination,29928
dynamically,29859
making,29849
combined,29834
grant,29777
statically,29650
obligated,29642
contained,29612
libraries,29501
binds,29464
scanner,29426
ordering,29148
stuff,28937
escape,28761
customers,28505
ignored,28247
later,28232
caller,28037
upcast,27888
partition,27790
runner,27661
targets,27570
skill,27389
fragments,26853
shutdown,26575
unreachable,26532
cases,26348
registration,26115
remote,26060
bench,26034
chomp,25880
imports,25562
forgot,25483
notes,25230
traits,25026
hiding,24950
serial,24518
thing,24367
manage,24322
displayed,24068
supervisor,24044
moderators,23879
stash,23614
unpack,23025
visitor,23007
experimental,22772
preference,22756
school,22700
choose,22575
capacity,22463
identical,21968
vendor,21841
completed,21639
preferences,21595
tabla,21567
atomic,21519
again,21511
arbitrary,21479
quote,21338
expectation,21274
immutable,21249
spray,20954
fixture,20852
recipe,20849
fulfill,20746
little,20706
mesosphere,20657
cleanup,20653
follow,20536
desired,20496
directly,20430
unlet,20363
flood,20233
fucked,20033
marathon,19928
certificate,19915
started,19741
weapon,19711
regions,19556
unlocked,19521
producer,19516
spinnaker,19482
dispatch,19186
generic,19009
reduce,18998
queues,18527
least,18487
simple,18480
predicate,18349
targetable,18296
depends,18267
maybe,18099
destination,17963
train,17717
exposing,17634
datum,17616
recursive,17568
standard,17399
notifications,17360
codec,17193
infer,17160
recur,17139
measure,17125
prelude,17046
updating,16980
photo,16962
pretty,16903
einstein,16851
articles,16618
adding,16525
controllers,16325
execs,16240
minutes,16239
checking,16202
collate,16125
compare,15946
slick,15812
leader,15763
serialize,15741
weapons,15672
flatten,15641
tangible,15525
matching,15473
obligation,15403
armor,15367
corresponding,15112
highlighting,14994
definitions,14977
inherits,14940
invisible,14924
sounds,14867
functional,14767
mandatory,14682
metrics,14484
constructors,14471
necessary,14400
implemented,14265
compositor,13917
combat,13875
keeping,13806
subscriptions,13799
lookups,13653
things,13632
longhands,13524
infinity,13523
features,13466
faction,13401
deftest,13400
legal,13315
lifetimes,13313
catkin,13263
banned,13227
variants,13155
various,13074
telegram,13019
shell,13015
hyper,12971
cabal,12860
factor,12724
movie,12591
actually,12589
downcast,12410
cargo,12244
directories,12243
scanning,12158
ferocity,12126
executable,12051
partitions,11985
universe,11953
quotes,11666
redux,11664
digits,11649
coordinator,11644
ability,11605
successful,11599
keywords,11450
slots,11377
demote,11341
picture,11098
languages,11073
subscript,11069
combine,10948
spaces,10895
identity,10872
roster,10861
realms,10854
broker,10852
hacked,10796
promote,10749
jabber,10722
subscription,10654
tiles,10555
manual,10520
wearables,10508
imported,10501
underlying,10495
swank,10432
airline,10227
players,10214
attacks,10166
solve,10153
theta,10106
monad,10105
typically,10077
assigned,10051
disconnect,9997
branch,9908
sources,9875
enables,9702
analysis,9695
logical,9642
weather,9582
overload,9561
consumer,9506
singleton,9499
optimize,9492
produce,9456
saved,9447
storyboard,9408
indigo,9301
disposable,9199
elixir,9191
unavailable,9188
rudder,9162
accessible,9055
reporter,9032
rectangle,8917
dispatcher,8915
subsection,8906
clause,8823
quests,8823
binders,8730
mutating,8711
scenario,8680
indicates,8642
convenience,8580
colour,8542
requested,8503
enemy,8461
decoding,8444
postpone,8367
grass,8361
replica,8340
intercalate,8337
redraw,8337
breeze,8313
getting,8236
provisional,8081
fugitive,8073
choice,8071
equality,8032
levels,8024
reagent,7992
forest,7986
problem,7921
testable,7854
compiled,7786
builds,7684
resume,7679
binder,7676
phoenix,7634
place,7537
architecture,7532
preparation,7530
unite,7498
subscribe,7498
often,7484
companion,7429
metric,7385
chain,7381
breaks,7317
pasture,7262
coercion,7188
units,7173
rather,7128
colors,7062
observe,7044
executed,7012
representing,6851
repositories,6814
stores,6793
resolution,6776
resolved,6720
streaming,6707
affiliation,6665
immediately,6626
griffon,6576
cardinality,6465
replicas,6452
profiles,6406
suppress,6351
coerce,6229
carried,6213
demos,6137
debugger,6012
optimizations,5981
unwind,5981
physical,5933
tester,5931
prompt,5862
protect,5837
reify,5661
something,5595
every,5588
aliases,5546
computer,5543
dismiss,5527
maven,5489
adjective,5466
storm,5439
timbre,5435
jetty,5409
instructions,5399
weights,5360
subset,5357
sections,5347
facts,5308
capability,5254
united,5253
samples,5240
listed,5236
batch,5198
trust,5182
outside,5179
editable,5156
converters,5008
triggers,4984
upgrade,4973
expressions,4946
sequential,4944
shiny,4922
animator,4882
unquote,4821
spring,4794
credential,4718
season,4714
ignorable,4624
execution,4522
hiccup,4455
palette,4438
pathogen,4436
demand,4431
multiplier,4419
prostate,4413
quiet,4409
unowned,4400
alignment,4386
extras,4386
unlink,4367
installation,4346
plots,4326
recognizer,4323
optimized,4312
satisfies,4209
streams,4157
patient,4140
marked,4133
initialized,4132
persistent,4127
finalization,4106
renamed,4106
completions,4088
usually,4071
safety,4068
predict,4066
hierarchy,4033
credentials,4033
modifiable,4027
transient,4007
surface,4004
building,3998
emmet,3977
channels,3963
linker,3919
sequel,3913
alien,3866
stereotype,3856
sweet,3810
against,3804
renders,3770
replaceable,3700
mailbox,3699
eucalyptus,3687
allegro,3683
buffers,3678
generating,3657
foreground,3652
remaining,3628
concatenate,3624
candidates,3578
evaluate,3553
artifacts,3551
repos,3483
topology,3442
plugs,3391
supplied,3381
parallel,3362
stage,3248
restore,3240
solarized,3191
setline,3189
selenium,3186
substrate,3185
reaction,3179
regular,3165
itemize,3145
grade,3142
comparer,3126
vignettes,3123
copied,3108
cardinal,3093
secretary,3063
sigma,3018
years,3007
integration,3005
exact,2981
around,2974
uniform,2972
alist,2969
puppet,2950
linking,2931
dendrogram,2915
locations,2871
accepts,2843
built,2827
unbox,2809
accompanying,2803
ancestor,2788
resolver,2778
platforms,2772
expired,2752
excludes,2751
weasel,2739
general,2719
tested,2717
underscore,2697
counts,2681
ticks,2676
exclude,2666
refute,2646
board,2645
deploy,2644
depend,2643
applications,2630
knots,2629
terminal,2625
brunch,2621
typecase,2616
meteor,2615
factors,2600
describes,2593
density,2573
compatibility,2565
coverage,2564
maxima,2544
thematic,2544
probe,2540
finite,2540
reduced,2537
unity,2516
nimbus,2501
english,2495
epsilon,2469
slime,2467
manually,2461
bookmark,2457
residuals,2433
indexed,2429
documentary,2428
newer,2414
scheme,2401
computation,2387
snippet,2383
concept,2383
threads,2333
statics,2318
inspector,2308
translations,2304
chunked,2301
mappings,2299
executor,2286
genes,2284
interrupts,2278
outcome,2265
layers,2260
primitive,2256
artifact,2255
scales,2247
drama,2245
score,2235
hydro,2230
escapes,2227
candidate,2219
draft,2218
delimiter,2200
alternative,2189
inference,2181
upper,2164
snippets,2161
nested,2154
checks,2150
sites,2148
minor,2135
including,2134
major,2112
slingshot,2093
advanced,2077
kinds,2030
segments,2027
supersede,2016
shallow,2004
bundles,1990
trailing,1977
delayed,1969
declared,1939
instantiation,1936
upgradability,1935
configuring,1930
textual,1928
functionality,1913
slurp,1913
party,1910
sheet,1902
reloading,1891
watchers,1882
intern,1882
indentation,1878
calque,1865
simplify,1845
hovered,1835
reflection,1831
broadcast,1826
credits,1819
reflux,1800
effects,1795
complex,1794
exclusions,1760
ascending,1756
manifest,1739
fresh,1718
catalogs,1717
restricted,1712
discard,1701
comparator,1688
allocation,1677
functioning,1666
percent,1656
known,1653
instruction,1648
demonstrative,1648
unreadable,1634
prefer,1571
balance,1568
desktop,1550
comparable,1535
cowboy,1526
interacts,1503
beginning,1502
tagged,1490
pallet,1479
observable,1475
entities,1455
sentinel,1445
holder,1439
passing,1417
compilers,1414
previews,1378
expanded,1365
paper,1344
whenever,1329
markdown,1316
recompose,1306
releases,1293
ripple,1232
presentation,1223
seeds,1176
singular,1158
defining,1151
unload,1118
favour,1114
ripples,1101
affect,1095
conveniences,1087
teams,1086
transitions,1067
sockets,1066
migrate,1062
emulate,1057
hours,1053
easier,1048
holders,1048
placement,1041
radium,1041
surname,1040
warren,1019
truth,1017
programs,1000
quoted,978
starting,965
rooms,960
schemes,943
updates,911
starts,897
schedulers,883
accepted,881
verification,872
inflater,868
presenter,845
generators,836
strategies,834
migration,833
bypass,825
explicitly,820
recommend,814
workers,791
supervisors,791
dashes,791
briefly,791
fully,790
documented,790
engineer,777
carrot,777
multipart,776
dagger,771
examine,760
keeps,751
generates,746
connections,725
parsers,710
developer,710
removing,701
performed,687
design,669
subscriber,635
getter,555
processor,548
scraper,497
concurrency,484
timber,463
indices,436
scenes,423
gravity,422
selectors,420
runners,396
storages,385
numbers,358
planner,347
mapper,327
succeed,307
retrofit,307
filled,206
angle,200
pseudo,190
infix,180
words,178
useful,173
degrees,164
radians,162
collage,159
satisfy,144
claim,144
skeleton,143
traverse,139
negate,136
profession,128
exactly,125
everything,118
turns,114
counters,113
intersect,111
signals,110
chuck,108
angles,103
clamp,99
greeting,99
polygon,96
together,95
tutorial,95
indexes,94
truncate,93
shapes,93
equivalent,89
decoders,88
stars,87
theory,84
paired,84
centered,82
typeface,80
turtles,78
rounds,78
glyph,78
takes,77
properly,73
plane,70
ceiling,70
crash,70
wiring,69
submitting,51
attempt,47
repeatable,41
multiplication,36
coproduct,34
aggregate,31
unions,31
discipline,30
accumulates,28
cards,28
selecting,27
trying,27
keyvar,1
setkey,1
your,1